method,random_state,silhouette,DBI,CH
KMeans,0.0,0.2162012755870819,1.7106705998301504,78.3216781616211
KMeans,42.0,0.2162012755870819,1.7106705998301504,78.3216781616211
KMeans,123.0,0.2162012755870819,1.7106705998301504,78.3216781616211
KMeans,999.0,0.2162012755870819,1.7106705998301504,78.3216781616211
GMM,42.0,0.2161339670419693,1.7139197365584875,78.27804565429688
Agglomerative(ward),,0.17576864361763,1.6982869563775984,62.17998504638672
