metric,n0,n1,median0,median1,p_value,cliffs_delta
slow_share,119,100,0.18341708542713567,0.24657330154946366,1.381e-03,-0.251176
long_gap_rate,119,100,0.05982905982905983,0.04424716901999161,4.768e-05,0.319328
tempo_mean_bucket,119,100,1.9309309309309308,2.099172728180819,4.497e-06,-0.360168
n_events,119,100,210.0,461.5,1.116e-05,-0.344958
